{
  "fase_1": {
    "epocas": 15,
    "accuracy_final": 0.72162,
    "val_accuracy_final": 0.7064280000000001,
    "loss_final": 0.6,
    "val_loss_final": 0.74,
    "mejora_accuracy": 0.57162,
    "mejora_val_accuracy": 0.5864280000000001
  },
  "fase_2": {
    "epocas": 20,
    "accuracy_final": 0.7596,
    "val_accuracy_final": 0.7596,
    "loss_final": 0.6778,
    "val_loss_final": 0.6778,
    "mejora_accuracy": 0.037980000000000014,
    "mejora_val_accuracy": 0.053172
  }
}