{
  "algorithm": "dbscan",
  "parameters": {
    "k": 4,
    "k_range": [
      4,
      5,
      6,
      7,
      8,
      9,
      10,
      11,
      12,
      13,
      14,
      15,
      16,
      17,
      18,
      19,
      20
    ],
    "inertias": [
      2753475.0,
      2526658.5,
      2384488.0,
      2280079.5,
      2185658.25,
      2103902.25,
      2048023.25,
      1996820.75,
      1956509.5,
      1917984.875,
      1882067.75,
      1850881.25,
      1816580.0,
      1784454.5,
      1761742.0,
      1736853.125,
      1712944.875
    ],
    "silhouette_scores": [
      0.2132234126329422,
      0.2025914043188095,
      0.17547468841075897,
      0.17793434858322144,
      0.14382754266262054,
      0.13503944873809814,
      0.1372736245393753,
      0.14131443202495575,
      0.10168695449829102,
      0.10066244751214981,
      0.09876255691051483,
      0.09821993857622147,
      0.13090869784355164,
      0.1153828427195549,
      0.097415491938591,
      0.1019911989569664,
      0.09542112797498703
    ],
    "dbi_scores": [
      1.5262930062601918,
      1.5638424370118431,
      1.590863166316681,
      1.5338041714781543,
      1.6204504782080003,
      1.6538492978279813,
      1.6950662665354284,
      1.7439521745957551,
      1.8308963686141926,
      1.823081896015726,
      1.8259165315030381,
      1.8184056445870829,
      1.794745067949453,
      1.7609794436822852,
      1.8492470653961621,
      1.8212631048438817,
      1.857724396390108
    ],
    "random_state": 42
  },
  "metrics": {
    "silhouette_score": 0.87253737449646,
    "davies_bouldin_score": 0.16728476658689756,
    "calinski_harabasz_score": 26509.2734375,
    "n_clusters": 62,
    "n_noise": 19086
  },
  "n_clusters": 62,
  "n_noise": 19086,
  "total_images": 20594,
  "cluster_sizes": {
    "noise": 19086,
    "cluster_0": 47,
    "cluster_1": 10,
    "cluster_2": 11,
    "cluster_3": 42,
    "cluster_4": 47,
    "cluster_5": 10,
    "cluster_6": 15,
    "cluster_7": 52,
    "cluster_8": 15,
    "cluster_9": 17,
    "cluster_10": 42,
    "cluster_11": 58,
    "cluster_12": 11,
    "cluster_13": 20,
    "cluster_14": 10,
    "cluster_15": 22,
    "cluster_16": 16,
    "cluster_17": 15,
    "cluster_18": 15,
    "cluster_19": 10,
    "cluster_20": 12,
    "cluster_21": 14,
    "cluster_22": 10,
    "cluster_23": 124,
    "cluster_24": 11,
    "cluster_25": 14,
    "cluster_26": 44,
    "cluster_27": 10,
    "cluster_28": 34,
    "cluster_29": 60,
    "cluster_30": 35,
    "cluster_31": 15,
    "cluster_32": 17,
    "cluster_33": 58,
    "cluster_34": 12,
    "cluster_35": 21,
    "cluster_36": 18,
    "cluster_37": 53,
    "cluster_38": 47,
    "cluster_39": 11,
    "cluster_40": 17,
    "cluster_41": 21,
    "cluster_42": 35,
    "cluster_43": 18,
    "cluster_44": 29,
    "cluster_45": 18,
    "cluster_46": 13,
    "cluster_47": 12,
    "cluster_48": 27,
    "cluster_49": 17,
    "cluster_50": 37,
    "cluster_51": 13,
    "cluster_52": 12,
    "cluster_53": 10,
    "cluster_54": 17,
    "cluster_55": 19,
    "cluster_56": 14,
    "cluster_57": 17,
    "cluster_58": 13,
    "cluster_59": 13,
    "cluster_60": 11,
    "cluster_61": 20
  }
}